Name,District,Address,Name_Per,Telephone,twd97X,twd97Y,wgs84aX,wgs84aY
富康輝藥局,三芝區,新北市三芝區中正路1段86.88號1樓,徐秉暉,02-26363836,300800.68,2794362.07,121.5043269,25.2572061
玉盛藥局,三芝區,新北市三芝區中山路2段30號,陳世宗,02-26360697,300655.7,2794166.97,121.5028803,25.25544971
三芝藥師藥局,三芝區,新北市三芝區中正路1段43號1樓,溫財智,02-86353982,300684.29,2794467.27,121.5031753,25.25815976
日昇藥局,三芝區,新北市三芝區中山路1段54,鍾繁木,02-26362131,300612,2794214,121.5024483,25.25587576
