Name,District,Address,Name_Per,Telephone,twd97X,twd97Y,wgs84aX,wgs84aY
逸華藥局,八里區,新北市八里區中山路2段301號,翁逸奎,02-26105093,290443.55,2782237.62,121.4011492,25.14806299
杏家藥局,八里區,新北市八里區中華路2段256號1樓,侯若家,02-26105369,290863.55,2782421.59,121.4053205,25.14971251
龍米藥師藥局,八里區,新北市八里區龍形一街5號1樓,吳璧龍,02-26185812,295434.17,2780302.92,121.4505847,25.13045435
寶格麗藥局,八里區,新北市八里區華峰一街16號1樓,宋淑惠,02-26193008,290261.35,2782105.26,121.3993381,25.1468729
小蘋果藥局,八里區,新北市八里區中山路1段229號,周分雰,02-26108206,291431.74,2783296.51,121.4109827,25.15759576
大愛嘉安藥局,八里區,新北市八里區中山路2段422號1樓,李嘉澍,02-26107790,290313.02,2782186.01,121.3998531,25.1476006
天康八里藥局,八里區,新北市八里區中山路2段367號,宋妤瑄,02-26101569,290208.63,2782120.18,121.3988157,25.14700902
八里藥師藥局,八里區,新北市八里區中山路2段226號1樓,廖志偉,02-26101212,290848.61,2782620.45,121.4051782,25.15150821
