Name,District,Address,twd97X,twd97Y,wgs84aX,wgs84aY
信東深坑北深藥局,深坑區,新北市深坑區北深路3段103號1樓,311126.08,2766103.65,121.6055696,25.0017114
介新大藥局,深坑區,新北市深坑區文化街94號,312300.97,2766140.57,121.6172103,25.0019969
福康藥袺藹,深坑區,新北市深坑區北深路3段175號1樓,310732.32,2766301.42,121.6016776,25.00351266
永源藥局,深坑區,新北市深坑區北深路3段174號1樓,310793.53,2766304.72,121.602284,25.00354001
怡恩藥局,深坑區,新北市深坑區埔新街67號,312589.28,2766182.11,121.6200682,25.00235999
健康小站藥局,深坑區,新北市深坑區埔新里北深路2段75號,312416,2766333.58,121.6183585,25.00373462
