Name,District,Address,twd97X,twd97Y,wgs84aX,wgs84aY
碇康藥局,石碇區,新北市石碇區石崁24-1號,316455.05,2764993.53,121.6583071,24.99146521
