Name,District,Address,twd97X,twd97Y,wgs84aX,wgs84aY
北海岸藥局,萬里區,新北市萬里區瑪鍊路98號,319496.54,2785669.35,121.6894795,25.17798241
萬里藥局,萬里區,新北市萬里區瑪鋉路90號,319585.57,2785725,121.6903656,25.17848069
