Name,District,Address,twd97X,twd97Y,wgs84aX,wgs84aY
躍獅五福藥局,金山區,新北市金山區中山路99號1樓,314468.4,2790201.48,121.6398114,25.21912049
金宏仁藥局,金山區,新北市金山區中山路190巷2號,314304.28,2790490.4,121.6381963,25.22173575
仁又堂藥局,金山區,新北市金山區信義路17號,314216.83,2790398.3,121.637324,25.22090807
