Name,District,Address,twd97X,twd97Y,wgs84aX,wgs84aY
信芳藥局,雙溪區,新北市雙溪區中華路50號,337388.7,2770222.92,121.8659916,25.03761074
松南藥局,雙溪區,新北市雙溪區中華路29號,337395.52,2770175.33,121.8660562,25.03718079
